--------------------------------------------------------
--  File created - Friday-September-06-2019   
--------------------------------------------------------
--------------------------------------------------------
--  DDL for Sequence DOGADJAJ_SEQ
--------------------------------------------------------

   CREATE SEQUENCE  "STARA"."DOGADJAJ_SEQ"  MINVALUE 1 MAXVALUE 9999999999999999999999999999 INCREMENT BY 1 START WITH 281 CACHE 20 NOORDER  NOCYCLE ;
--------------------------------------------------------
--  DDL for Sequence KALENDAR_SEQ
--------------------------------------------------------

   CREATE SEQUENCE  "STARA"."KALENDAR_SEQ"  MINVALUE 1 MAXVALUE 9999999999999999999999999999 INCREMENT BY 1 START WITH 41 CACHE 20 NOORDER  NOCYCLE ;
--------------------------------------------------------
--  DDL for Sequence KORISNICKI_NALOG_SEQ
--------------------------------------------------------

   CREATE SEQUENCE  "STARA"."KORISNICKI_NALOG_SEQ"  MINVALUE 1 MAXVALUE 9999999999999999999999999999 INCREMENT BY 1 START WITH 281 CACHE 20 NOORDER  NOCYCLE ;
--------------------------------------------------------
--  DDL for Sequence NASTAVNIK_SEQ
--------------------------------------------------------

   CREATE SEQUENCE  "STARA"."NASTAVNIK_SEQ"  MINVALUE 1 MAXVALUE 9999999999999999999999999999 INCREMENT BY 1 START WITH 1 CACHE 20 NOORDER  NOCYCLE ;
--------------------------------------------------------
--  DDL for Sequence PREDMET_SEQ
--------------------------------------------------------

   CREATE SEQUENCE  "STARA"."PREDMET_SEQ"  MINVALUE 1 MAXVALUE 9999999999999999999999999999 INCREMENT BY 1 START WITH 21 CACHE 20 NOORDER  NOCYCLE ;
--------------------------------------------------------
--  DDL for Sequence PRILOG_SEQ
--------------------------------------------------------

   CREATE SEQUENCE  "STARA"."PRILOG_SEQ"  MINVALUE 1 MAXVALUE 9999999999999999999999999999 INCREMENT BY 1 START WITH 81 CACHE 20 NOORDER  NOCYCLE ;
--------------------------------------------------------
--  DDL for Sequence PRILOG_SEQ1
--------------------------------------------------------

   CREATE SEQUENCE  "STARA"."PRILOG_SEQ1"  MINVALUE 1 MAXVALUE 9999999999999999999999999999 INCREMENT BY 1 START WITH 41 CACHE 20 NOORDER  NOCYCLE ;
--------------------------------------------------------
--  DDL for Sequence ROLA_SEQ
--------------------------------------------------------

   CREATE SEQUENCE  "STARA"."ROLA_SEQ"  MINVALUE 1 MAXVALUE 9999999999999999999999999999 INCREMENT BY 1 START WITH 21 CACHE 20 ORDER  NOCYCLE ;
--------------------------------------------------------
--  DDL for Sequence SKOLSKA_GODINA_SEQ
--------------------------------------------------------

   CREATE SEQUENCE  "STARA"."SKOLSKA_GODINA_SEQ"  MINVALUE 1 MAXVALUE 9999999999999999999999999999 INCREMENT BY 1 START WITH 1 CACHE 20 NOORDER  NOCYCLE ;
--------------------------------------------------------
--  DDL for Sequence TIP_DOGADJAJA_SEQ
--------------------------------------------------------

   CREATE SEQUENCE  "STARA"."TIP_DOGADJAJA_SEQ"  MINVALUE 1 MAXVALUE 9999999999999999999999999999 INCREMENT BY 1 START WITH 21 CACHE 20 NOORDER  NOCYCLE ;
--------------------------------------------------------
--  DDL for Table DOGADJAJ
--------------------------------------------------------

  CREATE TABLE "STARA"."DOGADJAJ" 
   (	"ID_KALENDARA" NUMBER, 
	"ID_DOGADJAJA" NUMBER, 
	"DATUM_I_VREME_POCETKA" DATE, 
	"DATUM_I_VREME_ZAVRSETKA" DATE, 
	"MESTO_ODRZAVANJA" VARCHAR2(50 BYTE), 
	"ID_TIPA_DOGADJAJA" NUMBER, 
	"NIVO" VARCHAR2(20 BYTE), 
	"ULOGA" VARCHAR2(50 BYTE), 
	"KANDIDAT" VARCHAR2(50 BYTE), 
	"TEMA" VARCHAR2(50 BYTE), 
	"KAPACITET" NUMBER, 
	"BROJ_ZAKAZANIH" NUMBER, 
	"ULOGA_NASTAVE" VARCHAR2(20 BYTE), 
	"ID_PREDMETA" NUMBER
   ) SEGMENT CREATION IMMEDIATE 
  PCTFREE 10 PCTUSED 40 INITRANS 1 MAXTRANS 255 NOCOMPRESS LOGGING
  STORAGE(INITIAL 65536 NEXT 1048576 MINEXTENTS 1 MAXEXTENTS 2147483645
  PCTINCREASE 0 FREELISTS 1 FREELIST GROUPS 1 BUFFER_POOL DEFAULT FLASH_CACHE DEFAULT CELL_FLASH_CACHE DEFAULT)
  TABLESPACE "SYSTEM" ;
--------------------------------------------------------
--  DDL for Table KALENDAR
--------------------------------------------------------

  CREATE TABLE "STARA"."KALENDAR" 
   (	"ID_KALENDARA" NUMBER, 
	"ID_SKOLSKE_GODINE" NUMBER, 
	"JMBG_NASTAVNIKA" VARCHAR2(20 BYTE)
   ) SEGMENT CREATION IMMEDIATE 
  PCTFREE 10 PCTUSED 40 INITRANS 1 MAXTRANS 255 NOCOMPRESS LOGGING
  STORAGE(INITIAL 65536 NEXT 1048576 MINEXTENTS 1 MAXEXTENTS 2147483645
  PCTINCREASE 0 FREELISTS 1 FREELIST GROUPS 1 BUFFER_POOL DEFAULT FLASH_CACHE DEFAULT CELL_FLASH_CACHE DEFAULT)
  TABLESPACE "SYSTEM" ;
--------------------------------------------------------
--  DDL for Table KORISNICKI_NALOG
--------------------------------------------------------

  CREATE TABLE "STARA"."KORISNICKI_NALOG" 
   (	"ID_KOR_NAL" NUMBER, 
	"KORISNICKO_IME" VARCHAR2(30 BYTE), 
	"LOZINKA" VARCHAR2(60 BYTE), 
	"JMBG_NASTAVNIKA" VARCHAR2(13 BYTE), 
	"BROJ_INDEKSA_STUDENTA" VARCHAR2(20 BYTE)
   ) SEGMENT CREATION IMMEDIATE 
  PCTFREE 10 PCTUSED 40 INITRANS 1 MAXTRANS 255 NOCOMPRESS LOGGING
  STORAGE(INITIAL 65536 NEXT 1048576 MINEXTENTS 1 MAXEXTENTS 2147483645
  PCTINCREASE 0 FREELISTS 1 FREELIST GROUPS 1 BUFFER_POOL DEFAULT FLASH_CACHE DEFAULT CELL_FLASH_CACHE DEFAULT)
  TABLESPACE "SYSTEM" ;
--------------------------------------------------------
--  DDL for Table KORISNICKI_NALOG_ROLA
--------------------------------------------------------

  CREATE TABLE "STARA"."KORISNICKI_NALOG_ROLA" 
   (	"KORISNICKI_NALOG_ID" NUMBER, 
	"ROLA_ID" NUMBER
   ) SEGMENT CREATION IMMEDIATE 
  PCTFREE 10 PCTUSED 40 INITRANS 1 MAXTRANS 255 NOCOMPRESS LOGGING
  STORAGE(INITIAL 65536 NEXT 1048576 MINEXTENTS 1 MAXEXTENTS 2147483645
  PCTINCREASE 0 FREELISTS 1 FREELIST GROUPS 1 BUFFER_POOL DEFAULT FLASH_CACHE DEFAULT CELL_FLASH_CACHE DEFAULT)
  TABLESPACE "SYSTEM" ;
--------------------------------------------------------
--  DDL for Table NASTAVNIK
--------------------------------------------------------

  CREATE TABLE "STARA"."NASTAVNIK" 
   (	"JMBG" VARCHAR2(13 BYTE), 
	"IME" VARCHAR2(20 BYTE), 
	"PREZIME" VARCHAR2(20 BYTE), 
	"EMAIL" VARCHAR2(100 BYTE), 
	"BROJ_TELEFONA" VARCHAR2(20 BYTE), 
	"KABINET" VARCHAR2(20 BYTE), 
	"SLIKA" VARCHAR2(200 BYTE)
   ) SEGMENT CREATION IMMEDIATE 
  PCTFREE 10 PCTUSED 40 INITRANS 1 MAXTRANS 255 NOCOMPRESS LOGGING
  STORAGE(INITIAL 65536 NEXT 1048576 MINEXTENTS 1 MAXEXTENTS 2147483645
  PCTINCREASE 0 FREELISTS 1 FREELIST GROUPS 1 BUFFER_POOL DEFAULT FLASH_CACHE DEFAULT CELL_FLASH_CACHE DEFAULT)
  TABLESPACE "SYSTEM" ;
--------------------------------------------------------
--  DDL for Table POKRIVENOST_NASTAVE
--------------------------------------------------------

  CREATE TABLE "STARA"."POKRIVENOST_NASTAVE" 
   (	"JMBG_NASTAVNIKA" VARCHAR2(13 BYTE), 
	"ID_PREDMETA" NUMBER, 
	"ULOGA" VARCHAR2(20 BYTE), 
	"ID_SKOLSKE_GODINE" NUMBER
   ) SEGMENT CREATION IMMEDIATE 
  PCTFREE 10 PCTUSED 40 INITRANS 1 MAXTRANS 255 NOCOMPRESS LOGGING
  STORAGE(INITIAL 65536 NEXT 1048576 MINEXTENTS 1 MAXEXTENTS 2147483645
  PCTINCREASE 0 FREELISTS 1 FREELIST GROUPS 1 BUFFER_POOL DEFAULT FLASH_CACHE DEFAULT CELL_FLASH_CACHE DEFAULT)
  TABLESPACE "SYSTEM" ;
--------------------------------------------------------
--  DDL for Table PREDMET
--------------------------------------------------------

  CREATE TABLE "STARA"."PREDMET" 
   (	"ID_PREDMETA" NUMBER, 
	"NAZIV" VARCHAR2(100 BYTE), 
	"ESPB_BODOVI" NUMBER, 
	"GODINA_STUDIJA" VARCHAR2(20 BYTE)
   ) SEGMENT CREATION IMMEDIATE 
  PCTFREE 10 PCTUSED 40 INITRANS 1 MAXTRANS 255 NOCOMPRESS LOGGING
  STORAGE(INITIAL 65536 NEXT 1048576 MINEXTENTS 1 MAXEXTENTS 2147483645
  PCTINCREASE 0 FREELISTS 1 FREELIST GROUPS 1 BUFFER_POOL DEFAULT FLASH_CACHE DEFAULT CELL_FLASH_CACHE DEFAULT)
  TABLESPACE "SYSTEM" ;
--------------------------------------------------------
--  DDL for Table PRILOG
--------------------------------------------------------

  CREATE TABLE "STARA"."PRILOG" 
   (	"ID_PRILOGA" NUMBER, 
	"NAZIV" VARCHAR2(20 BYTE), 
	"ID_DOGADJAJA" NUMBER, 
	"ID_KALENDARA" NUMBER, 
	"BROJ_INDEKSA_STUDENTA" VARCHAR2(20 BYTE), 
	"LOKACIJA" BLOB
   ) SEGMENT CREATION IMMEDIATE 
  PCTFREE 10 PCTUSED 40 INITRANS 1 MAXTRANS 255 NOCOMPRESS LOGGING
  STORAGE(INITIAL 65536 NEXT 1048576 MINEXTENTS 1 MAXEXTENTS 2147483645
  PCTINCREASE 0 FREELISTS 1 FREELIST GROUPS 1 BUFFER_POOL DEFAULT FLASH_CACHE DEFAULT CELL_FLASH_CACHE DEFAULT)
  TABLESPACE "SYSTEM" 
 LOB ("LOKACIJA") STORE AS BASICFILE (
  TABLESPACE "SYSTEM" ENABLE STORAGE IN ROW CHUNK 8192 RETENTION 
  NOCACHE LOGGING 
  STORAGE(INITIAL 65536 NEXT 1048576 MINEXTENTS 1 MAXEXTENTS 2147483645
  PCTINCREASE 0 FREELISTS 1 FREELIST GROUPS 1 BUFFER_POOL DEFAULT FLASH_CACHE DEFAULT CELL_FLASH_CACHE DEFAULT)) ;
--------------------------------------------------------
--  DDL for Table ROLA
--------------------------------------------------------

  CREATE TABLE "STARA"."ROLA" 
   (	"ID_ROLE" NUMBER, 
	"NAZIV_ROLE" VARCHAR2(20 BYTE)
   ) SEGMENT CREATION IMMEDIATE 
  PCTFREE 10 PCTUSED 40 INITRANS 1 MAXTRANS 255 NOCOMPRESS LOGGING
  STORAGE(INITIAL 65536 NEXT 1048576 MINEXTENTS 1 MAXEXTENTS 2147483645
  PCTINCREASE 0 FREELISTS 1 FREELIST GROUPS 1 BUFFER_POOL DEFAULT FLASH_CACHE DEFAULT CELL_FLASH_CACHE DEFAULT)
  TABLESPACE "SYSTEM" ;
--------------------------------------------------------
--  DDL for Table SKOLSKA_GODINA
--------------------------------------------------------

  CREATE TABLE "STARA"."SKOLSKA_GODINA" 
   (	"ID_SKOLSKE_GODINE" NUMBER, 
	"SKOLSKA_GODINA" VARCHAR2(20 BYTE), 
	"SEMESTAR" VARCHAR2(20 BYTE)
   ) SEGMENT CREATION IMMEDIATE 
  PCTFREE 10 PCTUSED 40 INITRANS 1 MAXTRANS 255 NOCOMPRESS LOGGING
  STORAGE(INITIAL 65536 NEXT 1048576 MINEXTENTS 1 MAXEXTENTS 2147483645
  PCTINCREASE 0 FREELISTS 1 FREELIST GROUPS 1 BUFFER_POOL DEFAULT FLASH_CACHE DEFAULT CELL_FLASH_CACHE DEFAULT)
  TABLESPACE "SYSTEM" ;
--------------------------------------------------------
--  DDL for Table STUDENT
--------------------------------------------------------

  CREATE TABLE "STARA"."STUDENT" 
   (	"BROJ_INDEKSA" VARCHAR2(10 BYTE), 
	"IME" VARCHAR2(20 BYTE), 
	"PREZIME" VARCHAR2(20 BYTE), 
	"GODINA_UPISA" NUMBER(4,0), 
	"SMER" VARCHAR2(100 BYTE), 
	"BROJ_TELEFONA" VARCHAR2(20 BYTE), 
	"EMAIL" VARCHAR2(100 BYTE)
   ) SEGMENT CREATION IMMEDIATE 
  PCTFREE 10 PCTUSED 40 INITRANS 1 MAXTRANS 255 NOCOMPRESS LOGGING
  STORAGE(INITIAL 65536 NEXT 1048576 MINEXTENTS 1 MAXEXTENTS 2147483645
  PCTINCREASE 0 FREELISTS 1 FREELIST GROUPS 1 BUFFER_POOL DEFAULT FLASH_CACHE DEFAULT CELL_FLASH_CACHE DEFAULT)
  TABLESPACE "SYSTEM" ;
--------------------------------------------------------
--  DDL for Table STUDENT_KONSULTACIJE
--------------------------------------------------------

  CREATE TABLE "STARA"."STUDENT_KONSULTACIJE" 
   (	"ID_KALENDARA" NUMBER, 
	"ID_DOGADJAJA" NUMBER, 
	"BROJ_INDEKSA_STUDENTA" VARCHAR2(20 BYTE), 
	"STATUS" VARCHAR2(200 BYTE), 
	"NASLOV" VARCHAR2(200 BYTE), 
	"OPIS" VARCHAR2(1000 BYTE)
   ) SEGMENT CREATION IMMEDIATE 
  PCTFREE 10 PCTUSED 40 INITRANS 1 MAXTRANS 255 NOCOMPRESS LOGGING
  STORAGE(INITIAL 65536 NEXT 1048576 MINEXTENTS 1 MAXEXTENTS 2147483645
  PCTINCREASE 0 FREELISTS 1 FREELIST GROUPS 1 BUFFER_POOL DEFAULT FLASH_CACHE DEFAULT CELL_FLASH_CACHE DEFAULT)
  TABLESPACE "SYSTEM" ;
--------------------------------------------------------
--  DDL for Table TIP_DOGADJAJA
--------------------------------------------------------

  CREATE TABLE "STARA"."TIP_DOGADJAJA" 
   (	"ID_TIPA_DOGADJAJA" NUMBER, 
	"NAZIV_TIPA_DOGADJAJA" VARCHAR2(100 BYTE)
   ) SEGMENT CREATION IMMEDIATE 
  PCTFREE 10 PCTUSED 40 INITRANS 1 MAXTRANS 255 NOCOMPRESS LOGGING
  STORAGE(INITIAL 65536 NEXT 1048576 MINEXTENTS 1 MAXEXTENTS 2147483645
  PCTINCREASE 0 FREELISTS 1 FREELIST GROUPS 1 BUFFER_POOL DEFAULT FLASH_CACHE DEFAULT CELL_FLASH_CACHE DEFAULT)
  TABLESPACE "SYSTEM" ;
REM INSERTING into STARA.DOGADJAJ
SET DEFINE OFF;
Insert into STARA.DOGADJAJ (ID_KALENDARA,ID_DOGADJAJA,DATUM_I_VREME_POCETKA,DATUM_I_VREME_ZAVRSETKA,MESTO_ODRZAVANJA,ID_TIPA_DOGADJAJA,NIVO,ULOGA,KANDIDAT,TEMA,KAPACITET,BROJ_ZAKAZANIH,ULOGA_NASTAVE,ID_PREDMETA) values (1,182,to_date('06-SEP-18','DD-MON-RR'),to_date('06-SEP-18','DD-MON-RR'),'304',2,null,null,null,null,20,0,null,null);
Insert into STARA.DOGADJAJ (ID_KALENDARA,ID_DOGADJAJA,DATUM_I_VREME_POCETKA,DATUM_I_VREME_ZAVRSETKA,MESTO_ODRZAVANJA,ID_TIPA_DOGADJAJA,NIVO,ULOGA,KANDIDAT,TEMA,KAPACITET,BROJ_ZAKAZANIH,ULOGA_NASTAVE,ID_PREDMETA) values (1,221,to_date('04-SEP-18','DD-MON-RR'),to_date('04-SEP-18','DD-MON-RR'),'12',2,null,null,null,null,12,0,null,null);
Insert into STARA.DOGADJAJ (ID_KALENDARA,ID_DOGADJAJA,DATUM_I_VREME_POCETKA,DATUM_I_VREME_ZAVRSETKA,MESTO_ODRZAVANJA,ID_TIPA_DOGADJAJA,NIVO,ULOGA,KANDIDAT,TEMA,KAPACITET,BROJ_ZAKAZANIH,ULOGA_NASTAVE,ID_PREDMETA) values (1,244,to_date('17-OCT-18','DD-MON-RR'),to_date('17-OCT-18','DD-MON-RR'),'304',2,null,null,null,null,10,0,null,null);
Insert into STARA.DOGADJAJ (ID_KALENDARA,ID_DOGADJAJA,DATUM_I_VREME_POCETKA,DATUM_I_VREME_ZAVRSETKA,MESTO_ODRZAVANJA,ID_TIPA_DOGADJAJA,NIVO,ULOGA,KANDIDAT,TEMA,KAPACITET,BROJ_ZAKAZANIH,ULOGA_NASTAVE,ID_PREDMETA) values (1,269,to_date('11-OCT-18','DD-MON-RR'),to_date('11-OCT-18','DD-MON-RR'),'304',2,null,null,null,null,10,0,null,null);
Insert into STARA.DOGADJAJ (ID_KALENDARA,ID_DOGADJAJA,DATUM_I_VREME_POCETKA,DATUM_I_VREME_ZAVRSETKA,MESTO_ODRZAVANJA,ID_TIPA_DOGADJAJA,NIVO,ULOGA,KANDIDAT,TEMA,KAPACITET,BROJ_ZAKAZANIH,ULOGA_NASTAVE,ID_PREDMETA) values (1,228,to_date('20-SEP-18','DD-MON-RR'),to_date('20-SEP-18','DD-MON-RR'),'kabinet 304',2,null,null,null,null,8,0,null,null);
Insert into STARA.DOGADJAJ (ID_KALENDARA,ID_DOGADJAJA,DATUM_I_VREME_POCETKA,DATUM_I_VREME_ZAVRSETKA,MESTO_ODRZAVANJA,ID_TIPA_DOGADJAJA,NIVO,ULOGA,KANDIDAT,TEMA,KAPACITET,BROJ_ZAKAZANIH,ULOGA_NASTAVE,ID_PREDMETA) values (1,267,to_date('26-OCT-18','DD-MON-RR'),to_date('26-OCT-18','DD-MON-RR'),'304',2,null,null,null,null,5,0,null,null);
Insert into STARA.DOGADJAJ (ID_KALENDARA,ID_DOGADJAJA,DATUM_I_VREME_POCETKA,DATUM_I_VREME_ZAVRSETKA,MESTO_ODRZAVANJA,ID_TIPA_DOGADJAJA,NIVO,ULOGA,KANDIDAT,TEMA,KAPACITET,BROJ_ZAKAZANIH,ULOGA_NASTAVE,ID_PREDMETA) values (1,245,to_date('24-OCT-18','DD-MON-RR'),to_date('24-OCT-18','DD-MON-RR'),'304',2,null,null,null,null,10,0,null,null);
Insert into STARA.DOGADJAJ (ID_KALENDARA,ID_DOGADJAJA,DATUM_I_VREME_POCETKA,DATUM_I_VREME_ZAVRSETKA,MESTO_ODRZAVANJA,ID_TIPA_DOGADJAJA,NIVO,ULOGA,KANDIDAT,TEMA,KAPACITET,BROJ_ZAKAZANIH,ULOGA_NASTAVE,ID_PREDMETA) values (1,196,to_date('25-SEP-18','DD-MON-RR'),to_date('25-SEP-18','DD-MON-RR'),'11',2,null,null,null,null,12,0,null,null);
Insert into STARA.DOGADJAJ (ID_KALENDARA,ID_DOGADJAJA,DATUM_I_VREME_POCETKA,DATUM_I_VREME_ZAVRSETKA,MESTO_ODRZAVANJA,ID_TIPA_DOGADJAJA,NIVO,ULOGA,KANDIDAT,TEMA,KAPACITET,BROJ_ZAKAZANIH,ULOGA_NASTAVE,ID_PREDMETA) values (1,202,to_date('29-SEP-18','DD-MON-RR'),to_date('29-SEP-18','DD-MON-RR'),'304',2,null,null,null,null,12,0,null,null);
Insert into STARA.DOGADJAJ (ID_KALENDARA,ID_DOGADJAJA,DATUM_I_VREME_POCETKA,DATUM_I_VREME_ZAVRSETKA,MESTO_ODRZAVANJA,ID_TIPA_DOGADJAJA,NIVO,ULOGA,KANDIDAT,TEMA,KAPACITET,BROJ_ZAKAZANIH,ULOGA_NASTAVE,ID_PREDMETA) values (1,230,to_date('22-SEP-18','DD-MON-RR'),to_date('22-SEP-18','DD-MON-RR'),'304',2,null,null,null,null,null,0,null,null);
Insert into STARA.DOGADJAJ (ID_KALENDARA,ID_DOGADJAJA,DATUM_I_VREME_POCETKA,DATUM_I_VREME_ZAVRSETKA,MESTO_ODRZAVANJA,ID_TIPA_DOGADJAJA,NIVO,ULOGA,KANDIDAT,TEMA,KAPACITET,BROJ_ZAKAZANIH,ULOGA_NASTAVE,ID_PREDMETA) values (1,268,to_date('04-OCT-18','DD-MON-RR'),to_date('04-OCT-18','DD-MON-RR'),'304',2,null,null,null,null,10,0,null,null);
Insert into STARA.DOGADJAJ (ID_KALENDARA,ID_DOGADJAJA,DATUM_I_VREME_POCETKA,DATUM_I_VREME_ZAVRSETKA,MESTO_ODRZAVANJA,ID_TIPA_DOGADJAJA,NIVO,ULOGA,KANDIDAT,TEMA,KAPACITET,BROJ_ZAKAZANIH,ULOGA_NASTAVE,ID_PREDMETA) values (1,226,to_date('10-SEP-18','DD-MON-RR'),to_date('10-SEP-18','DD-MON-RR'),'as',2,null,null,null,null,10,0,null,null);
Insert into STARA.DOGADJAJ (ID_KALENDARA,ID_DOGADJAJA,DATUM_I_VREME_POCETKA,DATUM_I_VREME_ZAVRSETKA,MESTO_ODRZAVANJA,ID_TIPA_DOGADJAJA,NIVO,ULOGA,KANDIDAT,TEMA,KAPACITET,BROJ_ZAKAZANIH,ULOGA_NASTAVE,ID_PREDMETA) values (1,261,to_date('05-OCT-18','DD-MON-RR'),to_date('05-OCT-18','DD-MON-RR'),'402',2,null,null,null,null,12,0,null,null);
Insert into STARA.DOGADJAJ (ID_KALENDARA,ID_DOGADJAJA,DATUM_I_VREME_POCETKA,DATUM_I_VREME_ZAVRSETKA,MESTO_ODRZAVANJA,ID_TIPA_DOGADJAJA,NIVO,ULOGA,KANDIDAT,TEMA,KAPACITET,BROJ_ZAKAZANIH,ULOGA_NASTAVE,ID_PREDMETA) values (1,263,to_date('08-OCT-18','DD-MON-RR'),to_date('08-OCT-18','DD-MON-RR'),'404',2,null,null,null,null,10,0,null,null);
Insert into STARA.DOGADJAJ (ID_KALENDARA,ID_DOGADJAJA,DATUM_I_VREME_POCETKA,DATUM_I_VREME_ZAVRSETKA,MESTO_ODRZAVANJA,ID_TIPA_DOGADJAJA,NIVO,ULOGA,KANDIDAT,TEMA,KAPACITET,BROJ_ZAKAZANIH,ULOGA_NASTAVE,ID_PREDMETA) values (1,264,to_date('15-OCT-18','DD-MON-RR'),to_date('15-OCT-18','DD-MON-RR'),'404',2,null,null,null,null,10,0,null,null);
Insert into STARA.DOGADJAJ (ID_KALENDARA,ID_DOGADJAJA,DATUM_I_VREME_POCETKA,DATUM_I_VREME_ZAVRSETKA,MESTO_ODRZAVANJA,ID_TIPA_DOGADJAJA,NIVO,ULOGA,KANDIDAT,TEMA,KAPACITET,BROJ_ZAKAZANIH,ULOGA_NASTAVE,ID_PREDMETA) values (1,265,to_date('22-OCT-18','DD-MON-RR'),to_date('22-OCT-18','DD-MON-RR'),'404',2,null,null,null,null,10,0,null,null);
Insert into STARA.DOGADJAJ (ID_KALENDARA,ID_DOGADJAJA,DATUM_I_VREME_POCETKA,DATUM_I_VREME_ZAVRSETKA,MESTO_ODRZAVANJA,ID_TIPA_DOGADJAJA,NIVO,ULOGA,KANDIDAT,TEMA,KAPACITET,BROJ_ZAKAZANIH,ULOGA_NASTAVE,ID_PREDMETA) values (1,266,to_date('29-OCT-18','DD-MON-RR'),to_date('29-OCT-18','DD-MON-RR'),'404',2,null,null,null,null,10,0,null,null);
Insert into STARA.DOGADJAJ (ID_KALENDARA,ID_DOGADJAJA,DATUM_I_VREME_POCETKA,DATUM_I_VREME_ZAVRSETKA,MESTO_ODRZAVANJA,ID_TIPA_DOGADJAJA,NIVO,ULOGA,KANDIDAT,TEMA,KAPACITET,BROJ_ZAKAZANIH,ULOGA_NASTAVE,ID_PREDMETA) values (1,270,to_date('18-OCT-18','DD-MON-RR'),to_date('18-OCT-18','DD-MON-RR'),'304',2,null,null,null,null,10,0,null,null);
Insert into STARA.DOGADJAJ (ID_KALENDARA,ID_DOGADJAJA,DATUM_I_VREME_POCETKA,DATUM_I_VREME_ZAVRSETKA,MESTO_ODRZAVANJA,ID_TIPA_DOGADJAJA,NIVO,ULOGA,KANDIDAT,TEMA,KAPACITET,BROJ_ZAKAZANIH,ULOGA_NASTAVE,ID_PREDMETA) values (1,271,to_date('25-OCT-18','DD-MON-RR'),to_date('25-OCT-18','DD-MON-RR'),'304',2,null,null,null,null,10,0,null,null);
REM INSERTING into STARA.KALENDAR
SET DEFINE OFF;
Insert into STARA.KALENDAR (ID_KALENDARA,ID_SKOLSKE_GODINE,JMBG_NASTAVNIKA) values (1,1,'2222222222222');
Insert into STARA.KALENDAR (ID_KALENDARA,ID_SKOLSKE_GODINE,JMBG_NASTAVNIKA) values (2,1,'1225652125495');
Insert into STARA.KALENDAR (ID_KALENDARA,ID_SKOLSKE_GODINE,JMBG_NASTAVNIKA) values (3,1,'3333333333333');
Insert into STARA.KALENDAR (ID_KALENDARA,ID_SKOLSKE_GODINE,JMBG_NASTAVNIKA) values (21,2,'2222222222222');
REM INSERTING into STARA.KORISNICKI_NALOG
SET DEFINE OFF;
Insert into STARA.KORISNICKI_NALOG (ID_KOR_NAL,KORISNICKO_IME,LOZINKA,JMBG_NASTAVNIKA,BROJ_INDEKSA_STUDENTA) values (268,'ss','$2a$10$16dLv4g2lQ0.gOQ7fuAvoeh8YlSAPqwWDviUA/eCe6jyH4tYXpKkS',null,null);
Insert into STARA.KORISNICKI_NALOG (ID_KOR_NAL,KORISNICKO_IME,LOZINKA,JMBG_NASTAVNIKA,BROJ_INDEKSA_STUDENTA) values (269,'rrr','$2a$10$cE8SJEimpNdc9KXQLI8K2OmT3tWs9OJ/yqv1/N1ylTfFnd.ybPjLa',null,null);
Insert into STARA.KORISNICKI_NALOG (ID_KOR_NAL,KORISNICKO_IME,LOZINKA,JMBG_NASTAVNIKA,BROJ_INDEKSA_STUDENTA) values (270,'qqq','$2a$10$MO52o6Zf4zI0Ec2bmWsiU.WbZ8/r5fqg1tniEWIsYrAjPabsQuu4a',null,null);
Insert into STARA.KORISNICKI_NALOG (ID_KOR_NAL,KORISNICKO_IME,LOZINKA,JMBG_NASTAVNIKA,BROJ_INDEKSA_STUDENTA) values (266,'aaa','$2a$10$OcczHZAl/UmMvL9.xCCpduBFZCBPMAveW6sfKKE4eqLTOmNqRVrRK',null,null);
Insert into STARA.KORISNICKI_NALOG (ID_KOR_NAL,KORISNICKO_IME,LOZINKA,JMBG_NASTAVNIKA,BROJ_INDEKSA_STUDENTA) values (267,'da','$2a$10$OQMMDyCk6XKFvlO/dydc1eVtRjaTIBiLLvr6Pn3uu2vAv7.QkrwGq',null,null);
REM INSERTING into STARA.KORISNICKI_NALOG_ROLA
SET DEFINE OFF;
Insert into STARA.KORISNICKI_NALOG_ROLA (KORISNICKI_NALOG_ID,ROLA_ID) values (266,2);
Insert into STARA.KORISNICKI_NALOG_ROLA (KORISNICKI_NALOG_ID,ROLA_ID) values (267,2);
Insert into STARA.KORISNICKI_NALOG_ROLA (KORISNICKI_NALOG_ID,ROLA_ID) values (268,2);
Insert into STARA.KORISNICKI_NALOG_ROLA (KORISNICKI_NALOG_ID,ROLA_ID) values (269,2);
Insert into STARA.KORISNICKI_NALOG_ROLA (KORISNICKI_NALOG_ID,ROLA_ID) values (270,2);
REM INSERTING into STARA.NASTAVNIK
SET DEFINE OFF;
Insert into STARA.NASTAVNIK (JMBG,IME,PREZIME,EMAIL,BROJ_TELEFONA,KABINET,SLIKA) values ('1225652125495','Dusan','Savic','dsavic@fon.bg.ac.rs','0641215569','304','https://vignette.wikia.nocookie.net/fantendo/images/6/6e/Small-mario.png');
Insert into STARA.NASTAVNIK (JMBG,IME,PREZIME,EMAIL,BROJ_TELEFONA,KABINET,SLIKA) values ('2222222222222','Milos','Milic','mmilic@gmail.com','0615665655','B006','https://vignette.wikia.nocookie.net/fantendo/images/6/6e/Small-mario.png');
Insert into STARA.NASTAVNIK (JMBG,IME,PREZIME,EMAIL,BROJ_TELEFONA,KABINET,SLIKA) values ('3333333333333','Ilija','Antonic','iantonic@gmail.com','0612233365','C103','https://vignette.wikia.nocookie.net/fantendo/images/6/6e/Small-mario.png');
Insert into STARA.NASTAVNIK (JMBG,IME,PREZIME,EMAIL,BROJ_TELEFONA,KABINET,SLIKA) values ('4444444444444','Sasa','Lazarevic','sslazarevic@fon.bg.ac.rs','0611223666','B108',null);
Insert into STARA.NASTAVNIK (JMBG,IME,PREZIME,EMAIL,BROJ_TELEFONA,KABINET,SLIKA) values ('5555555555555','Vojislav','Stanojevic','vstanojevic@fon.bg.ac.rs','064122236','104',null);
Insert into STARA.NASTAVNIK (JMBG,IME,PREZIME,EMAIL,BROJ_TELEFONA,KABINET,SLIKA) values ('6666666666666','Sinisa','Vlajic','ssvlajic@fon.bg.ac.rs','06447745541','105',null);
REM INSERTING into STARA.POKRIVENOST_NASTAVE
SET DEFINE OFF;
Insert into STARA.POKRIVENOST_NASTAVE (JMBG_NASTAVNIKA,ID_PREDMETA,ULOGA,ID_SKOLSKE_GODINE) values ('1225652125495',1,'profesor',1);
Insert into STARA.POKRIVENOST_NASTAVE (JMBG_NASTAVNIKA,ID_PREDMETA,ULOGA,ID_SKOLSKE_GODINE) values ('2222222222222',1,'asistent',1);
Insert into STARA.POKRIVENOST_NASTAVE (JMBG_NASTAVNIKA,ID_PREDMETA,ULOGA,ID_SKOLSKE_GODINE) values ('3333333333333',1,'asistent',1);
REM INSERTING into STARA.PREDMET
SET DEFINE OFF;
Insert into STARA.PREDMET (ID_PREDMETA,NAZIV,ESPB_BODOVI,GODINA_STUDIJA) values (1,'Softverski paterni',4,'4');
REM INSERTING into STARA.PRILOG
SET DEFINE OFF;
REM INSERTING into STARA.ROLA
SET DEFINE OFF;
Insert into STARA.ROLA (ID_ROLE,NAZIV_ROLE) values (1,'ROLE_NASTAVNIK');
Insert into STARA.ROLA (ID_ROLE,NAZIV_ROLE) values (2,'ROLE_STUDENT');
REM INSERTING into STARA.SKOLSKA_GODINA
SET DEFINE OFF;
Insert into STARA.SKOLSKA_GODINA (ID_SKOLSKE_GODINE,SKOLSKA_GODINA,SEMESTAR) values (1,'2018/19','zimski');
Insert into STARA.SKOLSKA_GODINA (ID_SKOLSKE_GODINE,SKOLSKA_GODINA,SEMESTAR) values (2,'2018/19','letnji');
REM INSERTING into STARA.STUDENT
SET DEFINE OFF;
Insert into STARA.STUDENT (BROJ_INDEKSA,IME,PREZIME,GODINA_UPISA,SMER,BROJ_TELEFONA,EMAIL) values ('2014/0044','Dane','Nikolic',2014,'ISIT','066291195','danen1995@gmail.com');
Insert into STARA.STUDENT (BROJ_INDEKSA,IME,PREZIME,GODINA_UPISA,SMER,BROJ_TELEFONA,EMAIL) values ('2014/0041','Milan','Milanovic',2014,'ISIT','0658775195','milan@gmail.com');
Insert into STARA.STUDENT (BROJ_INDEKSA,IME,PREZIME,GODINA_UPISA,SMER,BROJ_TELEFONA,EMAIL) values ('2014/0045','Dordje','Milisevic',2014,'MGMT','066222554','djole@gmail.com');
Insert into STARA.STUDENT (BROJ_INDEKSA,IME,PREZIME,GODINA_UPISA,SMER,BROJ_TELEFONA,EMAIL) values ('2014/0042','Marko','Antic',2014,'ISIT','0605950413','markoantic@gmail.com');
Insert into STARA.STUDENT (BROJ_INDEKSA,IME,PREZIME,GODINA_UPISA,SMER,BROJ_TELEFONA,EMAIL) values ('2014/0043','Zorana','Ikonic',2014,'ISIT','0611222333','zorana@gmail.com');
Insert into STARA.STUDENT (BROJ_INDEKSA,IME,PREZIME,GODINA_UPISA,SMER,BROJ_TELEFONA,EMAIL) values ('2014/0103','Slavko','Nikolic',2014,'MGMT','0617007605','sslavko@gmail.com');
Insert into STARA.STUDENT (BROJ_INDEKSA,IME,PREZIME,GODINA_UPISA,SMER,BROJ_TELEFONA,EMAIL) values ('2014/0333','?????','???????',2014,'????','0617007607','?????');
Insert into STARA.STUDENT (BROJ_INDEKSA,IME,PREZIME,GODINA_UPISA,SMER,BROJ_TELEFONA,EMAIL) values ('2014/0037','Milica','Kostic',2014,'pravni','0616768039','milica.kostic.pi@gmail.com');
REM INSERTING into STARA.STUDENT_KONSULTACIJE
SET DEFINE OFF;
REM INSERTING into STARA.TIP_DOGADJAJA
SET DEFINE OFF;
Insert into STARA.TIP_DOGADJAJA (ID_TIPA_DOGADJAJA,NAZIV_TIPA_DOGADJAJA) values (1,'Clanstvo komisije');
Insert into STARA.TIP_DOGADJAJA (ID_TIPA_DOGADJAJA,NAZIV_TIPA_DOGADJAJA) values (2,'Konsultacije');
Insert into STARA.TIP_DOGADJAJA (ID_TIPA_DOGADJAJA,NAZIV_TIPA_DOGADJAJA) values (3,'Nastava');
--------------------------------------------------------
--  DDL for Index KALENDAR_PK
--------------------------------------------------------

  CREATE UNIQUE INDEX "STARA"."KALENDAR_PK" ON "STARA"."KALENDAR" ("ID_KALENDARA") 
  PCTFREE 10 INITRANS 2 MAXTRANS 255 COMPUTE STATISTICS 
  STORAGE(INITIAL 65536 NEXT 1048576 MINEXTENTS 1 MAXEXTENTS 2147483645
  PCTINCREASE 0 FREELISTS 1 FREELIST GROUPS 1 BUFFER_POOL DEFAULT FLASH_CACHE DEFAULT CELL_FLASH_CACHE DEFAULT)
  TABLESPACE "SYSTEM" ;
--------------------------------------------------------
--  DDL for Index KORISNICKI_NALOG_UK1
--------------------------------------------------------

  CREATE UNIQUE INDEX "STARA"."KORISNICKI_NALOG_UK1" ON "STARA"."KORISNICKI_NALOG" ("KORISNICKO_IME") 
  PCTFREE 10 INITRANS 2 MAXTRANS 255 COMPUTE STATISTICS 
  STORAGE(INITIAL 65536 NEXT 1048576 MINEXTENTS 1 MAXEXTENTS 2147483645
  PCTINCREASE 0 FREELISTS 1 FREELIST GROUPS 1 BUFFER_POOL DEFAULT FLASH_CACHE DEFAULT CELL_FLASH_CACHE DEFAULT)
  TABLESPACE "SYSTEM" ;
--------------------------------------------------------
--  DDL for Index STUDENT_PK
--------------------------------------------------------

  CREATE UNIQUE INDEX "STARA"."STUDENT_PK" ON "STARA"."STUDENT" ("BROJ_INDEKSA") 
  PCTFREE 10 INITRANS 2 MAXTRANS 255 COMPUTE STATISTICS 
  STORAGE(INITIAL 65536 NEXT 1048576 MINEXTENTS 1 MAXEXTENTS 2147483645
  PCTINCREASE 0 FREELISTS 1 FREELIST GROUPS 1 BUFFER_POOL DEFAULT FLASH_CACHE DEFAULT CELL_FLASH_CACHE DEFAULT)
  TABLESPACE "SYSTEM" ;
--------------------------------------------------------
--  DDL for Index KORISNICKI_NALOG_PK
--------------------------------------------------------

  CREATE UNIQUE INDEX "STARA"."KORISNICKI_NALOG_PK" ON "STARA"."KORISNICKI_NALOG" ("ID_KOR_NAL") 
  PCTFREE 10 INITRANS 2 MAXTRANS 255 COMPUTE STATISTICS 
  STORAGE(INITIAL 65536 NEXT 1048576 MINEXTENTS 1 MAXEXTENTS 2147483645
  PCTINCREASE 0 FREELISTS 1 FREELIST GROUPS 1 BUFFER_POOL DEFAULT FLASH_CACHE DEFAULT CELL_FLASH_CACHE DEFAULT)
  TABLESPACE "SYSTEM" ;
--------------------------------------------------------
--  DDL for Index STUDENT_KONSULTACIJE_PK
--------------------------------------------------------

  CREATE UNIQUE INDEX "STARA"."STUDENT_KONSULTACIJE_PK" ON "STARA"."STUDENT_KONSULTACIJE" ("ID_KALENDARA", "ID_DOGADJAJA", "BROJ_INDEKSA_STUDENTA") 
  PCTFREE 10 INITRANS 2 MAXTRANS 255 COMPUTE STATISTICS 
  STORAGE(INITIAL 65536 NEXT 1048576 MINEXTENTS 1 MAXEXTENTS 2147483645
  PCTINCREASE 0 FREELISTS 1 FREELIST GROUPS 1 BUFFER_POOL DEFAULT FLASH_CACHE DEFAULT CELL_FLASH_CACHE DEFAULT)
  TABLESPACE "SYSTEM" ;
--------------------------------------------------------
--  DDL for Index SKOLSKA_GODINA_PK
--------------------------------------------------------

  CREATE UNIQUE INDEX "STARA"."SKOLSKA_GODINA_PK" ON "STARA"."SKOLSKA_GODINA" ("ID_SKOLSKE_GODINE") 
  PCTFREE 10 INITRANS 2 MAXTRANS 255 COMPUTE STATISTICS 
  STORAGE(INITIAL 65536 NEXT 1048576 MINEXTENTS 1 MAXEXTENTS 2147483645
  PCTINCREASE 0 FREELISTS 1 FREELIST GROUPS 1 BUFFER_POOL DEFAULT FLASH_CACHE DEFAULT CELL_FLASH_CACHE DEFAULT)
  TABLESPACE "SYSTEM" ;
--------------------------------------------------------
--  DDL for Index KORISNICKI_NALOG_ROLA_PK
--------------------------------------------------------

  CREATE UNIQUE INDEX "STARA"."KORISNICKI_NALOG_ROLA_PK" ON "STARA"."KORISNICKI_NALOG_ROLA" ("KORISNICKI_NALOG_ID", "ROLA_ID") 
  PCTFREE 10 INITRANS 2 MAXTRANS 255 COMPUTE STATISTICS 
  STORAGE(INITIAL 65536 NEXT 1048576 MINEXTENTS 1 MAXEXTENTS 2147483645
  PCTINCREASE 0 FREELISTS 1 FREELIST GROUPS 1 BUFFER_POOL DEFAULT FLASH_CACHE DEFAULT CELL_FLASH_CACHE DEFAULT)
  TABLESPACE "SYSTEM" ;
--------------------------------------------------------
--  DDL for Index DOGADJAJ_PK
--------------------------------------------------------

  CREATE UNIQUE INDEX "STARA"."DOGADJAJ_PK" ON "STARA"."DOGADJAJ" ("ID_KALENDARA", "ID_DOGADJAJA") 
  PCTFREE 10 INITRANS 2 MAXTRANS 255 COMPUTE STATISTICS 
  STORAGE(INITIAL 65536 NEXT 1048576 MINEXTENTS 1 MAXEXTENTS 2147483645
  PCTINCREASE 0 FREELISTS 1 FREELIST GROUPS 1 BUFFER_POOL DEFAULT FLASH_CACHE DEFAULT CELL_FLASH_CACHE DEFAULT)
  TABLESPACE "SYSTEM" ;
--------------------------------------------------------
--  DDL for Index KORISNICKI_NALOG_UK3
--------------------------------------------------------

  CREATE UNIQUE INDEX "STARA"."KORISNICKI_NALOG_UK3" ON "STARA"."KORISNICKI_NALOG" ("BROJ_INDEKSA_STUDENTA") 
  PCTFREE 10 INITRANS 2 MAXTRANS 255 COMPUTE STATISTICS 
  STORAGE(INITIAL 65536 NEXT 1048576 MINEXTENTS 1 MAXEXTENTS 2147483645
  PCTINCREASE 0 FREELISTS 1 FREELIST GROUPS 1 BUFFER_POOL DEFAULT FLASH_CACHE DEFAULT CELL_FLASH_CACHE DEFAULT)
  TABLESPACE "SYSTEM" ;
--------------------------------------------------------
--  DDL for Index KORISNICKI_NALOG_UK2
--------------------------------------------------------

  CREATE UNIQUE INDEX "STARA"."KORISNICKI_NALOG_UK2" ON "STARA"."KORISNICKI_NALOG" ("JMBG_NASTAVNIKA") 
  PCTFREE 10 INITRANS 2 MAXTRANS 255 COMPUTE STATISTICS 
  STORAGE(INITIAL 65536 NEXT 1048576 MINEXTENTS 1 MAXEXTENTS 2147483645
  PCTINCREASE 0 FREELISTS 1 FREELIST GROUPS 1 BUFFER_POOL DEFAULT FLASH_CACHE DEFAULT CELL_FLASH_CACHE DEFAULT)
  TABLESPACE "SYSTEM" ;
--------------------------------------------------------
--  DDL for Index POKRIVENOST_PK
--------------------------------------------------------

  CREATE UNIQUE INDEX "STARA"."POKRIVENOST_PK" ON "STARA"."POKRIVENOST_NASTAVE" ("JMBG_NASTAVNIKA", "ID_PREDMETA") 
  PCTFREE 10 INITRANS 2 MAXTRANS 255 COMPUTE STATISTICS 
  STORAGE(INITIAL 65536 NEXT 1048576 MINEXTENTS 1 MAXEXTENTS 2147483645
  PCTINCREASE 0 FREELISTS 1 FREELIST GROUPS 1 BUFFER_POOL DEFAULT FLASH_CACHE DEFAULT CELL_FLASH_CACHE DEFAULT)
  TABLESPACE "SYSTEM" ;
--------------------------------------------------------
--  DDL for Index PREDMET_PK
--------------------------------------------------------

  CREATE UNIQUE INDEX "STARA"."PREDMET_PK" ON "STARA"."PREDMET" ("ID_PREDMETA") 
  PCTFREE 10 INITRANS 2 MAXTRANS 255 COMPUTE STATISTICS 
  STORAGE(INITIAL 65536 NEXT 1048576 MINEXTENTS 1 MAXEXTENTS 2147483645
  PCTINCREASE 0 FREELISTS 1 FREELIST GROUPS 1 BUFFER_POOL DEFAULT FLASH_CACHE DEFAULT CELL_FLASH_CACHE DEFAULT)
  TABLESPACE "SYSTEM" ;
--------------------------------------------------------
--  DDL for Index NASTAVNIK_PK
--------------------------------------------------------

  CREATE UNIQUE INDEX "STARA"."NASTAVNIK_PK" ON "STARA"."NASTAVNIK" ("JMBG") 
  PCTFREE 10 INITRANS 2 MAXTRANS 255 COMPUTE STATISTICS 
  STORAGE(INITIAL 65536 NEXT 1048576 MINEXTENTS 1 MAXEXTENTS 2147483645
  PCTINCREASE 0 FREELISTS 1 FREELIST GROUPS 1 BUFFER_POOL DEFAULT FLASH_CACHE DEFAULT CELL_FLASH_CACHE DEFAULT)
  TABLESPACE "SYSTEM" ;
--------------------------------------------------------
--  DDL for Index PRILOG_PK
--------------------------------------------------------

  CREATE UNIQUE INDEX "STARA"."PRILOG_PK" ON "STARA"."PRILOG" ("ID_PRILOGA") 
  PCTFREE 10 INITRANS 2 MAXTRANS 255 COMPUTE STATISTICS 
  STORAGE(INITIAL 65536 NEXT 1048576 MINEXTENTS 1 MAXEXTENTS 2147483645
  PCTINCREASE 0 FREELISTS 1 FREELIST GROUPS 1 BUFFER_POOL DEFAULT FLASH_CACHE DEFAULT CELL_FLASH_CACHE DEFAULT)
  TABLESPACE "SYSTEM" ;
--------------------------------------------------------
--  DDL for Index TIP_DOGADJAJA_PK
--------------------------------------------------------

  CREATE UNIQUE INDEX "STARA"."TIP_DOGADJAJA_PK" ON "STARA"."TIP_DOGADJAJA" ("ID_TIPA_DOGADJAJA") 
  PCTFREE 10 INITRANS 2 MAXTRANS 255 COMPUTE STATISTICS 
  STORAGE(INITIAL 65536 NEXT 1048576 MINEXTENTS 1 MAXEXTENTS 2147483645
  PCTINCREASE 0 FREELISTS 1 FREELIST GROUPS 1 BUFFER_POOL DEFAULT FLASH_CACHE DEFAULT CELL_FLASH_CACHE DEFAULT)
  TABLESPACE "SYSTEM" ;
--------------------------------------------------------
--  DDL for Index ROLA_PK
--------------------------------------------------------

  CREATE UNIQUE INDEX "STARA"."ROLA_PK" ON "STARA"."ROLA" ("ID_ROLE") 
  PCTFREE 10 INITRANS 2 MAXTRANS 255 COMPUTE STATISTICS 
  STORAGE(INITIAL 65536 NEXT 1048576 MINEXTENTS 1 MAXEXTENTS 2147483645
  PCTINCREASE 0 FREELISTS 1 FREELIST GROUPS 1 BUFFER_POOL DEFAULT FLASH_CACHE DEFAULT CELL_FLASH_CACHE DEFAULT)
  TABLESPACE "SYSTEM" ;
--------------------------------------------------------
--  DDL for Trigger A
--------------------------------------------------------

  CREATE OR REPLACE TRIGGER "STARA"."A" 
   before insert on "DOGADJAJ" 
   for each row 
begin  
   if inserting then 
      if :NEW."ID_DOGADJAJA" is null then 
         select DOGADJAJ_SEQ.nextval into :NEW."ID_DOGADJAJA" from dual; 
      end if; 
   end if; 
end;



/
ALTER TRIGGER "STARA"."A" ENABLE;
--------------------------------------------------------
--  DDL for Trigger DOGADJAJ_TRG
--------------------------------------------------------

  CREATE OR REPLACE TRIGGER "STARA"."DOGADJAJ_TRG" 
BEFORE INSERT ON DOGADJAJ 
FOR EACH ROW 
BEGIN
  <<COLUMN_SEQUENCES>>
  BEGIN
    IF INSERTING AND :NEW.ID_DOGADJAJA IS NULL THEN
      SELECT DOGADJAJ_SEQ.NEXTVAL INTO :NEW.ID_DOGADJAJA FROM SYS.DUAL;
    END IF;
  END COLUMN_SEQUENCES;
END;


/
ALTER TRIGGER "STARA"."DOGADJAJ_TRG" ENABLE;
--------------------------------------------------------
--  DDL for Trigger DOGADJAJ_TRG1
--------------------------------------------------------

  CREATE OR REPLACE TRIGGER "STARA"."DOGADJAJ_TRG1" 
BEFORE INSERT ON DOGADJAJ 
FOR EACH ROW 
BEGIN
  <<COLUMN_SEQUENCES>>
  BEGIN
    NULL;
  END COLUMN_SEQUENCES;
END;


/
ALTER TRIGGER "STARA"."DOGADJAJ_TRG1" ENABLE;
--------------------------------------------------------
--  DDL for Trigger DOGADJAJ_TRG2
--------------------------------------------------------

  CREATE OR REPLACE TRIGGER "STARA"."DOGADJAJ_TRG2" 
BEFORE INSERT ON DOGADJAJ 
FOR EACH ROW 
BEGIN
  <<COLUMN_SEQUENCES>>
  BEGIN
    NULL;
  END COLUMN_SEQUENCES;
END;


/
ALTER TRIGGER "STARA"."DOGADJAJ_TRG2" ENABLE;
--------------------------------------------------------
--  DDL for Trigger KALENDAR_TRG
--------------------------------------------------------

  CREATE OR REPLACE TRIGGER "STARA"."KALENDAR_TRG" 
BEFORE INSERT ON KALENDAR 
FOR EACH ROW 
BEGIN
  <<COLUMN_SEQUENCES>>
  BEGIN
    IF INSERTING AND :NEW.ID_KALENDARA IS NULL THEN
      SELECT KALENDAR_SEQ.NEXTVAL INTO :NEW.ID_KALENDARA FROM SYS.DUAL;
    END IF;
  END COLUMN_SEQUENCES;
END;


/
ALTER TRIGGER "STARA"."KALENDAR_TRG" ENABLE;
--------------------------------------------------------
--  DDL for Trigger KORISNICKI_NALOG_TRG
--------------------------------------------------------

  CREATE OR REPLACE TRIGGER "STARA"."KORISNICKI_NALOG_TRG" 
BEFORE INSERT ON KORISNICKI_NALOG 
FOR EACH ROW 
BEGIN
  <<COLUMN_SEQUENCES>>
  BEGIN
    NULL;
  END COLUMN_SEQUENCES;
END;


/
ALTER TRIGGER "STARA"."KORISNICKI_NALOG_TRG" ENABLE;
--------------------------------------------------------
--  DDL for Trigger KORISNICKI_NALOG_TRG1
--------------------------------------------------------

  CREATE OR REPLACE TRIGGER "STARA"."KORISNICKI_NALOG_TRG1" 
BEFORE INSERT ON KORISNICKI_NALOG 
FOR EACH ROW 
BEGIN
  <<COLUMN_SEQUENCES>>
  BEGIN
    IF INSERTING AND :NEW.ID_KOR_NAL IS NULL THEN
      SELECT KORISNICKI_NALOG_SEQ.NEXTVAL INTO :NEW.ID_KOR_NAL FROM SYS.DUAL;
    END IF;
  END COLUMN_SEQUENCES;
END;


/
ALTER TRIGGER "STARA"."KORISNICKI_NALOG_TRG1" ENABLE;
--------------------------------------------------------
--  DDL for Trigger NASTAVNIK_TRG
--------------------------------------------------------

  CREATE OR REPLACE TRIGGER "STARA"."NASTAVNIK_TRG" 
BEFORE INSERT ON NASTAVNIK 
FOR EACH ROW 
BEGIN
  <<COLUMN_SEQUENCES>>
  BEGIN
    NULL;
  END COLUMN_SEQUENCES;
END;


/
ALTER TRIGGER "STARA"."NASTAVNIK_TRG" ENABLE;
--------------------------------------------------------
--  DDL for Trigger POKRIVENOST_NASTAVE_TRG
--------------------------------------------------------

  CREATE OR REPLACE TRIGGER "STARA"."POKRIVENOST_NASTAVE_TRG" 
BEFORE INSERT ON POKRIVENOST_NASTAVE 
FOR EACH ROW 
BEGIN
  <<COLUMN_SEQUENCES>>
  BEGIN
    NULL;
  END COLUMN_SEQUENCES;
END;


/
ALTER TRIGGER "STARA"."POKRIVENOST_NASTAVE_TRG" ENABLE;
--------------------------------------------------------
--  DDL for Trigger PREDMET_TRG
--------------------------------------------------------

  CREATE OR REPLACE TRIGGER "STARA"."PREDMET_TRG" 
BEFORE INSERT ON PREDMET 
FOR EACH ROW 
BEGIN
  <<COLUMN_SEQUENCES>>
  BEGIN
    IF INSERTING AND :NEW.ID_PREDMETA IS NULL THEN
      SELECT PREDMET_SEQ.NEXTVAL INTO :NEW.ID_PREDMETA FROM SYS.DUAL;
    END IF;
  END COLUMN_SEQUENCES;
END;


/
ALTER TRIGGER "STARA"."PREDMET_TRG" ENABLE;
--------------------------------------------------------
--  DDL for Trigger PRILOG_TRG
--------------------------------------------------------

  CREATE OR REPLACE TRIGGER "STARA"."PRILOG_TRG" 
BEFORE INSERT ON PRILOG 
FOR EACH ROW 
BEGIN
  <<COLUMN_SEQUENCES>>
  BEGIN
    IF INSERTING AND :NEW.ID_PRILOGA IS NULL THEN
      SELECT PRILOG_SEQ1.NEXTVAL INTO :NEW.ID_PRILOGA FROM SYS.DUAL;
    END IF;
  END COLUMN_SEQUENCES;
END;

/
ALTER TRIGGER "STARA"."PRILOG_TRG" ENABLE;
--------------------------------------------------------
--  DDL for Trigger PRILOG_TRG1
--------------------------------------------------------

  CREATE OR REPLACE TRIGGER "STARA"."PRILOG_TRG1" 
BEFORE INSERT ON PRILOG 
FOR EACH ROW 
BEGIN
  <<COLUMN_SEQUENCES>>
  BEGIN
    NULL;
  END COLUMN_SEQUENCES;
END;

/
ALTER TRIGGER "STARA"."PRILOG_TRG1" ENABLE;
--------------------------------------------------------
--  DDL for Trigger SKOLSKA_GODINA_TRG
--------------------------------------------------------

  CREATE OR REPLACE TRIGGER "STARA"."SKOLSKA_GODINA_TRG" 
BEFORE INSERT ON SKOLSKA_GODINA 
FOR EACH ROW 
BEGIN
  <<COLUMN_SEQUENCES>>
  BEGIN
    IF INSERTING AND :NEW.ID_SKOLSKE_GODINE IS NULL THEN
      SELECT SKOLSKA_GODINA_SEQ.NEXTVAL INTO :NEW.ID_SKOLSKE_GODINE FROM SYS.DUAL;
    END IF;
  END COLUMN_SEQUENCES;
END;


/
ALTER TRIGGER "STARA"."SKOLSKA_GODINA_TRG" ENABLE;
--------------------------------------------------------
--  DDL for Trigger TIP_DOGADJAJA_TRG
--------------------------------------------------------

  CREATE OR REPLACE TRIGGER "STARA"."TIP_DOGADJAJA_TRG" 
BEFORE INSERT ON TIP_DOGADJAJA 
FOR EACH ROW 
BEGIN
  <<COLUMN_SEQUENCES>>
  BEGIN
    IF INSERTING AND :NEW.ID_TIPA_DOGADJAJA IS NULL THEN
      SELECT TIP_DOGADJAJA_SEQ.NEXTVAL INTO :NEW.ID_TIPA_DOGADJAJA FROM SYS.DUAL;
    END IF;
  END COLUMN_SEQUENCES;
END;


/
ALTER TRIGGER "STARA"."TIP_DOGADJAJA_TRG" ENABLE;
--------------------------------------------------------
--  DDL for Trigger TN_ROLA
--------------------------------------------------------

  CREATE OR REPLACE TRIGGER "STARA"."TN_ROLA" 
   before insert on "STARA"."ROLA" 
   for each row 
begin  
   if inserting then 
      if :NEW."ID_ROLE" is null then 
         select ROLA_SEQ.nextval into :NEW."ID_ROLE" from dual; 
      end if; 
   end if; 
end;

/
ALTER TRIGGER "STARA"."TN_ROLA" ENABLE;
--------------------------------------------------------
--  Constraints for Table KORISNICKI_NALOG
--------------------------------------------------------

  ALTER TABLE "STARA"."KORISNICKI_NALOG" ADD CONSTRAINT "KORISNICKI_NALOG_PK" PRIMARY KEY ("ID_KOR_NAL")
  USING INDEX PCTFREE 10 INITRANS 2 MAXTRANS 255 COMPUTE STATISTICS 
  STORAGE(INITIAL 65536 NEXT 1048576 MINEXTENTS 1 MAXEXTENTS 2147483645
  PCTINCREASE 0 FREELISTS 1 FREELIST GROUPS 1 BUFFER_POOL DEFAULT FLASH_CACHE DEFAULT CELL_FLASH_CACHE DEFAULT)
  TABLESPACE "SYSTEM"  ENABLE;
  ALTER TABLE "STARA"."KORISNICKI_NALOG" MODIFY ("ID_KOR_NAL" NOT NULL ENABLE);
  ALTER TABLE "STARA"."KORISNICKI_NALOG" ADD CONSTRAINT "KORISNICKI_NALOG_UK1" UNIQUE ("KORISNICKO_IME")
  USING INDEX PCTFREE 10 INITRANS 2 MAXTRANS 255 COMPUTE STATISTICS 
  STORAGE(INITIAL 65536 NEXT 1048576 MINEXTENTS 1 MAXEXTENTS 2147483645
  PCTINCREASE 0 FREELISTS 1 FREELIST GROUPS 1 BUFFER_POOL DEFAULT FLASH_CACHE DEFAULT CELL_FLASH_CACHE DEFAULT)
  TABLESPACE "SYSTEM"  ENABLE;
  ALTER TABLE "STARA"."KORISNICKI_NALOG" MODIFY ("KORISNICKO_IME" NOT NULL ENABLE);
  ALTER TABLE "STARA"."KORISNICKI_NALOG" ADD CONSTRAINT "KORISNICKI_NALOG_UK2" UNIQUE ("JMBG_NASTAVNIKA")
  USING INDEX PCTFREE 10 INITRANS 2 MAXTRANS 255 COMPUTE STATISTICS 
  STORAGE(INITIAL 65536 NEXT 1048576 MINEXTENTS 1 MAXEXTENTS 2147483645
  PCTINCREASE 0 FREELISTS 1 FREELIST GROUPS 1 BUFFER_POOL DEFAULT FLASH_CACHE DEFAULT CELL_FLASH_CACHE DEFAULT)
  TABLESPACE "SYSTEM"  ENABLE;
  ALTER TABLE "STARA"."KORISNICKI_NALOG" ADD CONSTRAINT "KORISNICKI_NALOG_UK3" UNIQUE ("BROJ_INDEKSA_STUDENTA")
  USING INDEX PCTFREE 10 INITRANS 2 MAXTRANS 255 COMPUTE STATISTICS 
  STORAGE(INITIAL 65536 NEXT 1048576 MINEXTENTS 1 MAXEXTENTS 2147483645
  PCTINCREASE 0 FREELISTS 1 FREELIST GROUPS 1 BUFFER_POOL DEFAULT FLASH_CACHE DEFAULT CELL_FLASH_CACHE DEFAULT)
  TABLESPACE "SYSTEM"  ENABLE;
--------------------------------------------------------
--  Constraints for Table KALENDAR
--------------------------------------------------------

  ALTER TABLE "STARA"."KALENDAR" ADD CONSTRAINT "KALENDAR_PK" PRIMARY KEY ("ID_KALENDARA")
  USING INDEX PCTFREE 10 INITRANS 2 MAXTRANS 255 COMPUTE STATISTICS 
  STORAGE(INITIAL 65536 NEXT 1048576 MINEXTENTS 1 MAXEXTENTS 2147483645
  PCTINCREASE 0 FREELISTS 1 FREELIST GROUPS 1 BUFFER_POOL DEFAULT FLASH_CACHE DEFAULT CELL_FLASH_CACHE DEFAULT)
  TABLESPACE "SYSTEM"  ENABLE;
  ALTER TABLE "STARA"."KALENDAR" MODIFY ("ID_KALENDARA" NOT NULL ENABLE);
--------------------------------------------------------
--  Constraints for Table NASTAVNIK
--------------------------------------------------------

  ALTER TABLE "STARA"."NASTAVNIK" ADD CONSTRAINT "NASTAVNIK_PK" PRIMARY KEY ("JMBG")
  USING INDEX PCTFREE 10 INITRANS 2 MAXTRANS 255 COMPUTE STATISTICS 
  STORAGE(INITIAL 65536 NEXT 1048576 MINEXTENTS 1 MAXEXTENTS 2147483645
  PCTINCREASE 0 FREELISTS 1 FREELIST GROUPS 1 BUFFER_POOL DEFAULT FLASH_CACHE DEFAULT CELL_FLASH_CACHE DEFAULT)
  TABLESPACE "SYSTEM"  ENABLE;
  ALTER TABLE "STARA"."NASTAVNIK" MODIFY ("JMBG" NOT NULL ENABLE);
--------------------------------------------------------
--  Constraints for Table PREDMET
--------------------------------------------------------

  ALTER TABLE "STARA"."PREDMET" ADD CONSTRAINT "PREDMET_PK" PRIMARY KEY ("ID_PREDMETA")
  USING INDEX PCTFREE 10 INITRANS 2 MAXTRANS 255 COMPUTE STATISTICS 
  STORAGE(INITIAL 65536 NEXT 1048576 MINEXTENTS 1 MAXEXTENTS 2147483645
  PCTINCREASE 0 FREELISTS 1 FREELIST GROUPS 1 BUFFER_POOL DEFAULT FLASH_CACHE DEFAULT CELL_FLASH_CACHE DEFAULT)
  TABLESPACE "SYSTEM"  ENABLE;
  ALTER TABLE "STARA"."PREDMET" MODIFY ("ID_PREDMETA" NOT NULL ENABLE);
--------------------------------------------------------
--  Constraints for Table TIP_DOGADJAJA
--------------------------------------------------------

  ALTER TABLE "STARA"."TIP_DOGADJAJA" ADD CONSTRAINT "TIP_DOGADJAJA_PK" PRIMARY KEY ("ID_TIPA_DOGADJAJA")
  USING INDEX PCTFREE 10 INITRANS 2 MAXTRANS 255 COMPUTE STATISTICS 
  STORAGE(INITIAL 65536 NEXT 1048576 MINEXTENTS 1 MAXEXTENTS 2147483645
  PCTINCREASE 0 FREELISTS 1 FREELIST GROUPS 1 BUFFER_POOL DEFAULT FLASH_CACHE DEFAULT CELL_FLASH_CACHE DEFAULT)
  TABLESPACE "SYSTEM"  ENABLE;
  ALTER TABLE "STARA"."TIP_DOGADJAJA" MODIFY ("ID_TIPA_DOGADJAJA" NOT NULL ENABLE);
--------------------------------------------------------
--  Constraints for Table KORISNICKI_NALOG_ROLA
--------------------------------------------------------

  ALTER TABLE "STARA"."KORISNICKI_NALOG_ROLA" ADD CONSTRAINT "KORISNICKI_NALOG_ROLA_PK" PRIMARY KEY ("KORISNICKI_NALOG_ID", "ROLA_ID")
  USING INDEX PCTFREE 10 INITRANS 2 MAXTRANS 255 COMPUTE STATISTICS 
  STORAGE(INITIAL 65536 NEXT 1048576 MINEXTENTS 1 MAXEXTENTS 2147483645
  PCTINCREASE 0 FREELISTS 1 FREELIST GROUPS 1 BUFFER_POOL DEFAULT FLASH_CACHE DEFAULT CELL_FLASH_CACHE DEFAULT)
  TABLESPACE "SYSTEM"  ENABLE;
  ALTER TABLE "STARA"."KORISNICKI_NALOG_ROLA" MODIFY ("ROLA_ID" NOT NULL ENABLE);
  ALTER TABLE "STARA"."KORISNICKI_NALOG_ROLA" MODIFY ("KORISNICKI_NALOG_ID" NOT NULL ENABLE);
--------------------------------------------------------
--  Constraints for Table STUDENT
--------------------------------------------------------

  ALTER TABLE "STARA"."STUDENT" ADD CONSTRAINT "STUDENT_PK" PRIMARY KEY ("BROJ_INDEKSA")
  USING INDEX PCTFREE 10 INITRANS 2 MAXTRANS 255 COMPUTE STATISTICS 
  STORAGE(INITIAL 65536 NEXT 1048576 MINEXTENTS 1 MAXEXTENTS 2147483645
  PCTINCREASE 0 FREELISTS 1 FREELIST GROUPS 1 BUFFER_POOL DEFAULT FLASH_CACHE DEFAULT CELL_FLASH_CACHE DEFAULT)
  TABLESPACE "SYSTEM"  ENABLE;
  ALTER TABLE "STARA"."STUDENT" MODIFY ("BROJ_INDEKSA" NOT NULL ENABLE);
--------------------------------------------------------
--  Constraints for Table DOGADJAJ
--------------------------------------------------------

  ALTER TABLE "STARA"."DOGADJAJ" ADD CONSTRAINT "DOGADJAJ_PK" PRIMARY KEY ("ID_KALENDARA", "ID_DOGADJAJA")
  USING INDEX PCTFREE 10 INITRANS 2 MAXTRANS 255 COMPUTE STATISTICS 
  STORAGE(INITIAL 65536 NEXT 1048576 MINEXTENTS 1 MAXEXTENTS 2147483645
  PCTINCREASE 0 FREELISTS 1 FREELIST GROUPS 1 BUFFER_POOL DEFAULT FLASH_CACHE DEFAULT CELL_FLASH_CACHE DEFAULT)
  TABLESPACE "SYSTEM"  ENABLE;
  ALTER TABLE "STARA"."DOGADJAJ" MODIFY ("ID_DOGADJAJA" NOT NULL ENABLE);
  ALTER TABLE "STARA"."DOGADJAJ" MODIFY ("ID_KALENDARA" NOT NULL ENABLE);
--------------------------------------------------------
--  Constraints for Table ROLA
--------------------------------------------------------

  ALTER TABLE "STARA"."ROLA" ADD CONSTRAINT "ROLA_PK" PRIMARY KEY ("ID_ROLE")
  USING INDEX PCTFREE 10 INITRANS 2 MAXTRANS 255 COMPUTE STATISTICS 
  STORAGE(INITIAL 65536 NEXT 1048576 MINEXTENTS 1 MAXEXTENTS 2147483645
  PCTINCREASE 0 FREELISTS 1 FREELIST GROUPS 1 BUFFER_POOL DEFAULT FLASH_CACHE DEFAULT CELL_FLASH_CACHE DEFAULT)
  TABLESPACE "SYSTEM"  ENABLE;
  ALTER TABLE "STARA"."ROLA" MODIFY ("ID_ROLE" NOT NULL ENABLE);
--------------------------------------------------------
--  Constraints for Table PRILOG
--------------------------------------------------------

  ALTER TABLE "STARA"."PRILOG" ADD CONSTRAINT "PRILOG_PK" PRIMARY KEY ("ID_PRILOGA")
  USING INDEX PCTFREE 10 INITRANS 2 MAXTRANS 255 COMPUTE STATISTICS 
  STORAGE(INITIAL 65536 NEXT 1048576 MINEXTENTS 1 MAXEXTENTS 2147483645
  PCTINCREASE 0 FREELISTS 1 FREELIST GROUPS 1 BUFFER_POOL DEFAULT FLASH_CACHE DEFAULT CELL_FLASH_CACHE DEFAULT)
  TABLESPACE "SYSTEM"  ENABLE;
  ALTER TABLE "STARA"."PRILOG" MODIFY ("ID_PRILOGA" NOT NULL ENABLE);
--------------------------------------------------------
--  Constraints for Table STUDENT_KONSULTACIJE
--------------------------------------------------------

  ALTER TABLE "STARA"."STUDENT_KONSULTACIJE" ADD CONSTRAINT "STUDENT_KONSULTACIJE_PK" PRIMARY KEY ("ID_KALENDARA", "ID_DOGADJAJA", "BROJ_INDEKSA_STUDENTA")
  USING INDEX PCTFREE 10 INITRANS 2 MAXTRANS 255 COMPUTE STATISTICS 
  STORAGE(INITIAL 65536 NEXT 1048576 MINEXTENTS 1 MAXEXTENTS 2147483645
  PCTINCREASE 0 FREELISTS 1 FREELIST GROUPS 1 BUFFER_POOL DEFAULT FLASH_CACHE DEFAULT CELL_FLASH_CACHE DEFAULT)
  TABLESPACE "SYSTEM"  ENABLE;
  ALTER TABLE "STARA"."STUDENT_KONSULTACIJE" MODIFY ("BROJ_INDEKSA_STUDENTA" NOT NULL ENABLE);
  ALTER TABLE "STARA"."STUDENT_KONSULTACIJE" MODIFY ("ID_DOGADJAJA" NOT NULL ENABLE);
  ALTER TABLE "STARA"."STUDENT_KONSULTACIJE" MODIFY ("ID_KALENDARA" NOT NULL ENABLE);
--------------------------------------------------------
--  Constraints for Table SKOLSKA_GODINA
--------------------------------------------------------

  ALTER TABLE "STARA"."SKOLSKA_GODINA" ADD CONSTRAINT "SKOLSKA_GODINA_PK" PRIMARY KEY ("ID_SKOLSKE_GODINE")
  USING INDEX PCTFREE 10 INITRANS 2 MAXTRANS 255 COMPUTE STATISTICS 
  STORAGE(INITIAL 65536 NEXT 1048576 MINEXTENTS 1 MAXEXTENTS 2147483645
  PCTINCREASE 0 FREELISTS 1 FREELIST GROUPS 1 BUFFER_POOL DEFAULT FLASH_CACHE DEFAULT CELL_FLASH_CACHE DEFAULT)
  TABLESPACE "SYSTEM"  ENABLE;
  ALTER TABLE "STARA"."SKOLSKA_GODINA" MODIFY ("ID_SKOLSKE_GODINE" NOT NULL ENABLE);
--------------------------------------------------------
--  Constraints for Table POKRIVENOST_NASTAVE
--------------------------------------------------------

  ALTER TABLE "STARA"."POKRIVENOST_NASTAVE" ADD CONSTRAINT "POKRIVENOST_PK" PRIMARY KEY ("JMBG_NASTAVNIKA", "ID_PREDMETA")
  USING INDEX PCTFREE 10 INITRANS 2 MAXTRANS 255 COMPUTE STATISTICS 
  STORAGE(INITIAL 65536 NEXT 1048576 MINEXTENTS 1 MAXEXTENTS 2147483645
  PCTINCREASE 0 FREELISTS 1 FREELIST GROUPS 1 BUFFER_POOL DEFAULT FLASH_CACHE DEFAULT CELL_FLASH_CACHE DEFAULT)
  TABLESPACE "SYSTEM"  ENABLE;
  ALTER TABLE "STARA"."POKRIVENOST_NASTAVE" MODIFY ("ID_PREDMETA" NOT NULL ENABLE);
  ALTER TABLE "STARA"."POKRIVENOST_NASTAVE" MODIFY ("JMBG_NASTAVNIKA" NOT NULL ENABLE);
--------------------------------------------------------
--  Ref Constraints for Table DOGADJAJ
--------------------------------------------------------

  ALTER TABLE "STARA"."DOGADJAJ" ADD CONSTRAINT "DOGADJAJ_FK1" FOREIGN KEY ("ID_TIPA_DOGADJAJA")
	  REFERENCES "STARA"."TIP_DOGADJAJA" ("ID_TIPA_DOGADJAJA") ENABLE;
  ALTER TABLE "STARA"."DOGADJAJ" ADD CONSTRAINT "DOGADJAJ_FK2" FOREIGN KEY ("ID_KALENDARA")
	  REFERENCES "STARA"."KALENDAR" ("ID_KALENDARA") ENABLE;
  ALTER TABLE "STARA"."DOGADJAJ" ADD CONSTRAINT "DOGADJAJ_FK3" FOREIGN KEY ("ID_PREDMETA")
	  REFERENCES "STARA"."PREDMET" ("ID_PREDMETA") ENABLE;
--------------------------------------------------------
--  Ref Constraints for Table KALENDAR
--------------------------------------------------------

  ALTER TABLE "STARA"."KALENDAR" ADD CONSTRAINT "KALENDAR_FK1" FOREIGN KEY ("ID_SKOLSKE_GODINE")
	  REFERENCES "STARA"."SKOLSKA_GODINA" ("ID_SKOLSKE_GODINE") ENABLE;
  ALTER TABLE "STARA"."KALENDAR" ADD CONSTRAINT "KALENDAR_FK2" FOREIGN KEY ("JMBG_NASTAVNIKA")
	  REFERENCES "STARA"."NASTAVNIK" ("JMBG") ENABLE;
--------------------------------------------------------
--  Ref Constraints for Table KORISNICKI_NALOG
--------------------------------------------------------

  ALTER TABLE "STARA"."KORISNICKI_NALOG" ADD CONSTRAINT "KORISNICKI_NALOG_FK1" FOREIGN KEY ("JMBG_NASTAVNIKA")
	  REFERENCES "STARA"."NASTAVNIK" ("JMBG") ENABLE;
  ALTER TABLE "STARA"."KORISNICKI_NALOG" ADD CONSTRAINT "KORISNICKI_NALOG_FK2" FOREIGN KEY ("BROJ_INDEKSA_STUDENTA")
	  REFERENCES "STARA"."STUDENT" ("BROJ_INDEKSA") ENABLE;
--------------------------------------------------------
--  Ref Constraints for Table KORISNICKI_NALOG_ROLA
--------------------------------------------------------

  ALTER TABLE "STARA"."KORISNICKI_NALOG_ROLA" ADD CONSTRAINT "KORISNICKI_NALOG_ROLA_FK1" FOREIGN KEY ("KORISNICKI_NALOG_ID")
	  REFERENCES "STARA"."KORISNICKI_NALOG" ("ID_KOR_NAL") ENABLE;
  ALTER TABLE "STARA"."KORISNICKI_NALOG_ROLA" ADD CONSTRAINT "KORISNICKI_NALOG_ROLA_FK2" FOREIGN KEY ("ROLA_ID")
	  REFERENCES "STARA"."ROLA" ("ID_ROLE") ENABLE;
--------------------------------------------------------
--  Ref Constraints for Table POKRIVENOST_NASTAVE
--------------------------------------------------------

  ALTER TABLE "STARA"."POKRIVENOST_NASTAVE" ADD CONSTRAINT "POKRIVENOST_FK1" FOREIGN KEY ("JMBG_NASTAVNIKA")
	  REFERENCES "STARA"."NASTAVNIK" ("JMBG") ENABLE;
  ALTER TABLE "STARA"."POKRIVENOST_NASTAVE" ADD CONSTRAINT "POKRIVENOST_FK2" FOREIGN KEY ("ID_PREDMETA")
	  REFERENCES "STARA"."PREDMET" ("ID_PREDMETA") ENABLE;
  ALTER TABLE "STARA"."POKRIVENOST_NASTAVE" ADD CONSTRAINT "POKRIVENOST_FK3" FOREIGN KEY ("ID_SKOLSKE_GODINE")
	  REFERENCES "STARA"."SKOLSKA_GODINA" ("ID_SKOLSKE_GODINE") ENABLE;
--------------------------------------------------------
--  Ref Constraints for Table PRILOG
--------------------------------------------------------

  ALTER TABLE "STARA"."PRILOG" ADD CONSTRAINT "PRILOG_FK1" FOREIGN KEY ("ID_KALENDARA", "ID_DOGADJAJA", "BROJ_INDEKSA_STUDENTA")
	  REFERENCES "STARA"."STUDENT_KONSULTACIJE" ("ID_KALENDARA", "ID_DOGADJAJA", "BROJ_INDEKSA_STUDENTA") ON DELETE CASCADE ENABLE;
--------------------------------------------------------
--  Ref Constraints for Table STUDENT_KONSULTACIJE
--------------------------------------------------------

  ALTER TABLE "STARA"."STUDENT_KONSULTACIJE" ADD CONSTRAINT "STUDENT_KONSULTACIJE_FK1" FOREIGN KEY ("ID_KALENDARA", "ID_DOGADJAJA")
	  REFERENCES "STARA"."DOGADJAJ" ("ID_KALENDARA", "ID_DOGADJAJA") ENABLE;
  ALTER TABLE "STARA"."STUDENT_KONSULTACIJE" ADD CONSTRAINT "STUDENT_KONSULTACIJE_FK2" FOREIGN KEY ("BROJ_INDEKSA_STUDENTA")
	  REFERENCES "STARA"."STUDENT" ("BROJ_INDEKSA") ENABLE;
